Eye_Feature,Web_Feature,Dyslexic_Mean,NonDyslexic_Mean,Eye_Threshold,Web_Threshold,Conversion_Factor
Regression Count,Revisit Count,31.914285714285715,17.857142857142858,24.885714285714286,6.2214285714285715,4.0
Mean Fixation Duration,Pause Duration,489.4317651467964,355.2515704760485,422.34166781142244,234.6342598952347,1.8
Total Dwell Time,Total Reading Time,151835.38582857145,70398.17591428569,111116.78087142858,111116.78087142858,1.0
