Feature,Dyslexic_Mean,Dyslexic_Std,NonDyslexic_Mean,NonDyslexic_Std,Ratio_D/ND
n_fix_trial,276.25714285714287,82.35516443577596,179.85714285714286,25.165502597969375,1.5359809372517872
sum_fix_dur_trial,141971.1606285712,73437.99981962238,64419.05260000025,17245.604163761032,2.2038691178853296
mean_fix_dur_trial,489.4317651467964,113.3623726754344,355.2515704760485,62.998386873622316,1.3777047191964333
n_regress_trial,31.914285714285715,11.48751605918721,17.857142857142858,6.966908577414405,1.7872
mean_sacc_ampl_trial,73.80101943529206,17.410892038072074,93.47298268703221,18.601835314497606,0.7895438587040049
dwell_time_trial,151835.38582857145,77493.81481123039,70398.17591428569,17704.001046436515,2.1568085231844756
